date,stock_id,stock_name,open,high,low,close,volume,macd_status
2025-12-31,3629,地心引力,0.0,0.0,0.0,0.0,0,-
2025-12-31,3687,歐買尬,80.0,84.0,79.6,83.0,341,-
2025-12-31,5481,新華,22.95,23.1,22.65,22.7,472,-
2025-12-31,5450,寶聯通,15.05,15.05,14.5,14.55,220,-
2025-12-31,6438,迅得,138.0,139.0,136.5,137.5,338,-
2025-12-31,3450,聯鈞,271.5,277.5,269.0,270.0,13765,-
2025-12-31,8499,鼎炫-KY,346.5,351.0,336.0,339.5,292,-
2025-12-31,2459,敦吉,66.0,66.5,66.0,66.1,40,-
2025-12-31,6165,浪凡,47.4,47.8,46.95,47.25,146,-
2025-12-31,2429,銘旺科,80.5,80.5,79.4,80.2,324,-
2025-12-31,2241,艾姆勒,36.1,36.7,35.9,36.65,246,-
2025-12-31,2614,東森,22.65,23.0,22.6,22.6,844,-
2025-12-31,1456,怡華,13.0,13.35,13.0,13.2,19,-
2025-12-31,1453,大將,12.75,12.75,12.5,12.5,48,-
2025-12-31,1443,立益,27.25,27.25,27.25,27.25,6,-
2025-12-31,3669,圓展,34.3,35.05,33.65,34.05,244,-
2025-12-31,6506,雙邦,15.4,15.4,15.35,15.35,9,-
2025-12-31,3219,倚強股份,70.0,75.9,69.2,75.9,4867,-
2025-12-31,3685,元創精密,40.1,41.7,39.0,41.5,1389,-
2025-12-31,6275,元山,52.8,53.3,51.7,52.6,763,-
2025-12-31,5604,中連貨,37.3,37.3,37.05,37.1,8,-
2025-12-31,8354,冠好,16.1,16.15,16.0,16.0,41,-
2025-12-31,3313,斐成,14.65,14.9,14.6,14.7,311,-
2025-12-31,5345,天揚,23.7,23.7,23.6,23.7,13,-
2025-12-31,8489,三貝德,41.0,41.0,40.15,40.2,23,-
2025-12-31,2495,普安,32.9,34.2,32.2,33.05,20807,-
2025-12-31,6431,光麗-KY,27.1,27.5,26.8,26.9,309,-
2025-12-31,2340,台亞,26.6,27.1,26.1,26.1,1779,-
2025-12-31,5321,美而快,36.3,36.4,36.1,36.15,26,-
2025-12-31,3512,皇龍,21.95,22.0,21.8,21.9,61,-
2025-12-31,8080,永利聯合,28.7,29.0,28.7,28.7,16,-
2025-12-31,5209,新鼎,166.5,167.5,166.0,167.5,17,-
2025-12-31,6873,泓德能源-創,100.5,102.0,98.6,98.7,684,-
2025-12-31,6869,雲豹能源-創,92.5,92.6,91.2,91.4,726,-
2025-12-31,2432,倚天,25.5,25.55,25.35,25.5,20,-
2025-12-31,5301,寶得利,11.8,11.8,10.9,11.3,16,-
2025-12-31,5364,力麗店,14.8,14.9,14.65,14.8,35,-
2025-12-31,5278,尚凡,30.3,30.6,30.0,30.5,130,-
2025-12-31,6195,詩肯,25.55,25.7,25.55,25.65,14,-
2025-12-31,5902,德記,44.65,44.65,44.25,44.55,7,-
2025-12-31,8066,來思達,19.75,20.0,19.75,19.8,35,-
2025-12-31,1268,漢來美食,159.0,159.5,158.5,159.5,35,-
2025-12-31,1259,安心,60.2,62.3,60.2,62.2,7,-
2025-12-31,5706,鳳凰,50.7,50.8,50.4,50.6,60,-
2025-12-31,5704,老爺知,27.5,27.9,27.45,27.8,46,-
2025-12-31,5703,亞都,0.0,0.0,0.0,0.0,0,-
2025-12-31,5701,劍湖山,4.23,4.23,4.06,4.2,129,-
2025-12-31,8472,夠麻吉,68.0,71.3,68.0,71.3,2,-
2025-12-31,5904,寶雅,438.0,442.0,437.5,439.5,93,-
2025-12-31,5905,南仁湖,9.26,9.26,9.1,9.11,650,-
2025-12-31,3522,御頂,19.5,19.6,18.85,19.2,285,-
2025-12-31,8462,柏文,148.0,152.0,146.5,151.0,106,-
2025-12-31,8477,創業家,12.5,12.5,12.3,12.45,10,-
2025-12-31,5903,全家,191.5,192.0,190.5,192.0,47,-
2025-12-31,8044,網家,30.45,33.3,30.2,31.9,3345,-
2025-12-31,8077,洛碁,43.45,43.95,43.45,43.95,2,-
2025-12-31,8433,弘帆,51.7,51.7,51.0,51.2,29,-
2025-12-31,2937,集雅社,44.45,44.45,44.45,44.45,2,-
2025-12-31,5287,數字,170.0,170.5,170.0,170.5,11,-
2025-12-31,2707,晶華,190.5,190.5,189.0,189.0,154,-
2025-12-31,2727,王品,217.0,218.5,217.0,217.0,178,-
2025-12-31,2729,瓦城,178.0,178.0,177.0,177.0,10,-
2025-12-31,2748,雲品,42.85,42.85,42.45,42.6,74,-
2025-12-31,2745,五福,105.5,105.5,104.0,105.0,55,-
2025-12-31,2712,遠雄來,18.25,18.35,18.0,18.35,18,-
2025-12-31,3252,海灣,19.75,19.75,19.7,19.7,5,-
2025-12-31,2723,美食-KY,72.2,72.2,70.8,70.8,215,-
2025-12-31,6763,綠界科技,56.8,57.9,56.6,57.5,557,-
2025-12-31,2731,雄獅,163.5,164.5,163.5,163.5,189,-
2025-12-31,2743,山富,79.9,79.9,79.0,79.4,35,-
2025-12-31,2740,天蔥,27.85,28.15,26.95,27.7,18,-
2025-12-31,2739,寒舍,35.7,36.2,35.7,35.95,39,-
2025-12-31,2736,富野,14.55,14.75,14.5,14.5,109,-
2025-12-31,2734,易飛網,18.6,18.6,18.4,18.5,45,-
2025-12-31,2732,六角,69.3,70.8,69.2,70.5,35,-
2025-12-31,8940,新天地,20.4,20.4,20.3,20.4,15,-
2025-12-31,3171,新洲,46.9,47.0,46.2,46.5,34,-
2025-12-31,8941,關中,43.0,43.65,42.8,43.45,53,-
2025-12-31,2718,晶悅,51.8,51.8,51.0,51.8,45,-
2025-12-31,2719,燦星旅,30.3,30.4,30.0,30.0,20,-
2025-12-31,2726,雅茗-KY,13.15,13.15,12.9,12.95,31,-
2025-12-31,2706,第一店,12.9,12.95,12.85,12.9,84,-
2025-12-31,2753,八方雲集,191.0,191.0,190.0,190.5,104,-
2025-12-31,2701,萬企,11.2,11.25,11.1,11.1,31,-
2025-12-31,9960,邁達康,21.2,21.45,21.05,21.45,52,-
2025-12-31,2924,宏太-KY,21.1,21.45,20.9,21.45,4,-
2025-12-31,2702,華園,11.95,12.0,11.9,11.95,35,-
2025-12-31,2916,滿心,49.0,49.5,49.0,49.05,31,-
2025-12-31,2947,振宇五金,81.1,82.0,81.1,82.0,7,-
2025-12-31,6728,上洋,132.5,132.5,132.5,132.5,7,-
2025-12-31,2722,夏都,26.9,27.0,26.15,26.15,41,-
2025-12-31,2752,豆府,208.0,208.0,207.0,208.0,3,-
2025-12-31,3085,新零售,13.25,13.6,13.25,13.6,12,-
2025-12-31,4804,大略-KY,7.5,7.5,7.3,7.4,47,-
2025-12-31,2724,富驛-KY,21.15,21.2,21.0,21.0,12,-
2025-12-31,2704,國賓,43.15,43.4,43.1,43.15,111,-
2025-12-31,2705,六福,16.6,16.7,16.55,16.6,86,-
2025-12-31,9943,好樂迪,60.8,61.0,60.3,60.7,23,-
2025-12-31,2756,聯發國際,86.8,86.8,82.8,82.8,153,-
2025-12-31,2755,揚秦,117.0,118.5,116.0,117.5,35,-
2025-12-31,2754,亞洲藏壽司,84.0,84.1,83.8,83.9,33,-
2025-12-31,6741,91APP*-KY,71.8,74.5,71.6,74.0,293,-
2025-12-31,6768,志強-KY,106.0,106.5,104.5,105.5,500,-
2025-12-31,1736,喬山,150.0,153.0,150.0,151.0,555,-
2025-12-31,8454,富邦媒,211.0,211.5,206.5,207.5,716,-
2025-12-31,9911,櫻花,83.7,83.9,83.5,83.7,132,-
2025-12-31,3708,上緯投控,113.0,113.0,110.0,111.0,873,-
2025-12-31,9910,豐泰,115.5,116.5,111.5,116.5,3077,-
2025-12-31,3557,嘉威,37.2,37.2,36.5,36.6,28,-
2025-12-31,6689,伊雲谷,61.1,62.9,61.0,61.5,376,-
2025-12-31,1598,岱宇,20.55,20.85,20.55,20.7,83,-
2025-12-31,9904,寶成,30.2,30.45,30.1,30.15,11337,-
2025-12-31,9802,鈺齊-KY,102.0,102.0,100.5,102.0,746,-
2025-12-31,6754,匯僑設計,48.1,48.15,47.5,48.15,6,-
2025-12-31,1432,大魯閣,18.05,18.25,17.85,18.25,348,-
2025-12-31,1439,雋揚,30.0,30.0,28.45,29.9,56,-
2025-12-31,3054,立萬利,31.9,33.75,31.9,32.45,357,-
2025-12-31,1472,三洋實業,87.8,88.0,87.5,88.0,18,-
2025-12-31,6806,森崴能源,38.4,38.5,37.8,37.85,799,-
2025-12-31,8478,東哥遊艇,190.0,191.0,188.0,188.0,216,-
2025-12-31,5306,桂盟,90.2,91.0,89.8,90.7,102,-
2025-12-31,9955,佳龍,31.15,31.35,30.5,30.5,602,-
2025-12-31,6581,鋼聯,104.5,106.0,104.0,106.0,14,-
2025-12-31,8341,日友,77.6,79.6,77.6,78.7,284,-
2025-12-31,6641,基士德-KY,19.15,19.15,19.0,19.05,28,-
2025-12-31,8482,商億-KY,50.0,50.3,49.45,49.45,3,-
2025-12-31,6670,復盛應用,258.0,258.0,254.0,255.5,289,-
2025-12-31,4536,拓凱,160.0,162.0,160.0,161.5,192,-
2025-12-31,9935,慶豐富,20.2,20.25,20.05,20.05,190,-
2025-12-31,9934,成霖,10.1,10.1,9.99,10.05,294,-
2025-12-31,8422,可寧衛,29.9,33.1,29.6,31.6,190871,-
2025-12-31,6671,三能-KY,35.9,35.95,35.9,35.9,4,-
2025-12-31,2424,隴華,36.1,36.1,35.3,35.4,26,-
2025-12-31,9930,中聯資源,70.4,70.5,70.2,70.3,68,-
2025-12-31,2062,橋椿,20.6,20.6,20.35,20.55,156,-
2025-12-31,8438,昶昕,41.65,41.9,40.2,41.9,4648,-
2025-12-31,8473,山林水,37.45,37.5,36.75,37.4,404,-
2025-12-31,9914,美利達,82.9,82.9,81.4,82.7,1009,-
2025-12-31,3130,一零四,225.0,225.0,224.5,224.5,3,-
2025-12-31,2442,新美齊,25.7,25.7,24.3,25.0,1286,-
2025-12-31,8467,波力-KY,175.0,180.0,175.0,180.0,375,-
2025-12-31,8464,億豐,364.0,365.5,361.0,361.0,367,-
2025-12-31,6807,峰源-KY,45.2,45.65,45.2,45.65,3,-
2025-12-31,9921,巨大,95.0,95.0,92.6,92.6,658,-
2025-12-31,9924,福興,52.3,53.0,52.3,52.4,112,-
2025-12-31,4530,宏易,29.0,29.0,28.95,28.95,14,-
2025-12-31,8171,天宇,25.5,25.5,24.2,24.4,81,-
2025-12-31,3713,新晶投控,22.9,23.0,22.65,22.9,71,-
2025-12-31,8423,保綠-KY,17.8,18.0,17.8,18.0,8,-
2025-12-31,6616,特昇-KY,9.75,9.8,9.7,9.74,70,-
2025-12-31,2640,大車隊,131.0,143.5,130.5,143.5,77,-
2025-12-31,6690,安碁資訊,168.0,174.0,168.0,174.0,47,-
2025-12-31,8087,華鎂鑫,31.9,32.5,31.4,31.95,9,-
2025-12-31,6629,泰金-KY,130.0,130.0,127.0,127.5,22,-
2025-12-31,4154,樂威科-KY,15.6,15.85,15.55,15.85,6,-
2025-12-31,8390,金益鼎,91.4,93.1,90.0,90.4,1599,-
2025-12-31,6624,萬年清,67.9,69.0,67.6,67.7,112,-
2025-12-31,8440,綠電,25.0,25.2,24.85,24.85,107,-
2025-12-31,3178,公準,63.2,65.6,60.5,60.8,1638,-
2025-12-31,3073,天方能源,30.85,31.35,30.5,30.6,114,-
2025-12-31,4702,中美實,9.95,10.0,9.87,9.88,37,-
2025-12-31,8924,大田,71.8,72.2,71.8,72.1,110,-
2025-12-31,6803,崑鼎,295.5,298.0,295.0,296.5,146,-
2025-12-31,1593,祺驊,29.15,29.15,29.0,29.05,16,-
2025-12-31,4609,唐鋒,6.37,6.41,6.37,6.41,2,-
2025-12-31,6804,明係,17.45,17.45,17.0,17.1,29,-
2025-12-31,3551,世禾,197.0,204.0,196.0,199.0,2284,-
2025-12-31,6123,上奇,48.1,48.1,47.85,48.0,35,-
2025-12-31,8476,台境,17.9,18.05,17.8,18.0,112,-
2025-12-31,8938,明安,69.5,69.9,68.9,69.9,259,-
2025-12-31,5205,中茂,32.95,32.95,32.5,32.95,6,-
2025-12-31,8933,愛地雅,5.82,6.0,5.82,6.0,214,-
2025-12-31,8928,鉅明,25.0,25.0,24.9,24.9,15,-
2025-12-31,6811,宏碁資訊,209.5,212.0,209.5,211.5,59,-
2025-12-31,1563,巧新,48.8,49.1,48.3,49.0,908,-
2025-12-31,3465,進泰電子,50.3,50.3,47.9,49.9,14,-
2025-12-31,5432,新門,182.5,195.0,181.0,183.5,738,-
2025-12-31,6865,偉康科技,47.25,48.1,46.5,48.05,37,-
2025-12-31,6198,瑞築,27.9,27.9,27.9,27.9,1,-
2025-12-31,4419,元勝,52.5,54.2,52.2,53.6,277,-
2025-12-31,8091,翔名,111.5,112.5,111.5,111.5,114,-
2025-12-31,6903,巨漢,226.5,237.0,223.5,237.0,3367,-
2025-12-31,6952,大武山,43.5,44.65,43.0,43.7,29,-
2025-12-31,7751,竑騰,794.0,819.0,774.0,776.0,933,-
2025-12-31,6999,瀚醫生技,36.28,36.75,36.75,36.75,0,-
2025-12-31,6968,萬達寵物,58.5,59.7,57.8,59.7,53,-
2025-12-31,6739,竹陞科技,745.0,780.0,743.0,747.0,685,-
2025-12-31,6997,博弘,91.9,91.9,90.9,90.9,2,-
2025-12-31,7703,銳澤,232.0,235.0,231.5,232.0,129,-
2025-12-31,6757,台灣虎航-創,65.1,65.6,64.3,64.5,1713,-
2025-12-31,6988,威力暘-創,13.7,13.8,13.45,13.6,49,-
2025-12-31,6854,錼創科技-KY創,135.0,135.0,132.0,134.5,186,-
2025-12-31,6794,向榮生技-創,91.4,91.4,88.0,89.6,52,-
2025-12-31,9105,泰金寶-DR,5.71,5.81,5.71,5.72,7574,-
2025-12-31,9103,美德醫療-DR,4.51,4.51,4.41,4.44,435,-
2025-12-31,3150,鈺寶-創,19.65,19.7,19.2,19.7,33,-
2025-12-31,6423,億而得-創,85.1,87.0,84.4,84.6,49,-
2025-12-31,6949,沛爾生醫-創,343.5,347.5,342.5,342.5,44,-
2025-12-31,6951,青新-創,74.7,74.8,73.5,73.8,43,-
2025-12-31,6969,成信實業*-創,29.8,29.8,29.8,29.8,1,-
2025-12-31,2258,鴻華先進-創,42.3,43.25,42.25,43.1,990,-
2025-12-31,8487,愛爾達-創,77.5,77.5,77.5,77.5,2,-
2025-12-31,2254,巨鎧精密-創,59.9,59.9,58.0,59.9,81,-
2025-12-31,6924,榮惠-KY創,70.6,71.0,67.4,71.0,34,-
2025-12-31,6902,GOGOLOOK-創,77.0,77.3,75.9,77.0,62,-
2025-12-31,6534,正瀚-創,90.5,90.5,89.6,90.0,15,-
2025-12-31,8162,微矽電子-創,35.8,36.45,35.8,36.05,35,-
2025-12-31,9136,巨騰-DR,8.16,8.26,8.16,8.21,1394,-
2025-12-31,6645,金萬林-創,18.1,18.15,17.7,17.7,57,-
2025-12-31,6771,平和環保-創,45.5,46.2,45.2,46.2,12,-
2025-12-31,9110,越南控-DR,3.2,3.2,3.14,3.14,3,-
2025-12-31,7714,創泓科技,166.0,172.5,162.5,166.5,1113,-
2025-12-31,7732,金興精密,40.5,40.5,40.0,40.2,28,-
2025-12-31,7715,裕山,30.4,30.7,29.8,30.7,26,-
2025-12-31,4749,新應材,834.0,897.0,830.0,877.0,4060,-
2025-12-31,7728,光焱科技,540.0,552.0,535.0,552.0,124,-
2025-12-31,2248,華勝-KY,48.85,48.9,48.75,48.75,7,-
2025-12-31,7736,虎山,90.0,90.0,90.0,90.0,4,-
2025-12-31,6936,永鴻生技,36.15,36.2,35.9,36.15,13,-
2025-12-31,7805,威聯通,749.0,774.0,749.0,760.0,305,-
2025-12-31,6925,意藍,93.0,93.0,88.0,88.3,149,-
2025-12-31,8383,千附,40.55,40.7,40.4,40.45,98,-
2025-12-31,5443,均豪,85.3,87.4,84.7,85.5,1465,-
2025-12-31,6187,萬潤,368.5,371.0,364.0,364.0,1448,-
2025-12-31,5348,正能量智能,18.1,18.15,17.0,17.95,29,-
2025-12-31,5314,世紀*,100.5,101.5,98.1,98.1,4211,-
2025-12-31,6208,日揚,45.6,45.6,45.15,45.2,35,-
2025-12-31,6240,松崗,18.65,19.25,18.65,19.2,8,-
2025-12-31,3521,鴻翊,14.8,15.25,14.05,14.05,785,-
2025-12-31,4950,金耘國際,18.0,18.2,17.6,18.2,18,-
2025-12-31,6829,千附精密,109.5,109.5,108.5,108.5,103,-
2025-12-31,7747,昕奇雲端,118.0,118.0,114.0,117.0,7,-
2025-12-31,7547,碩網,57.5,57.8,57.0,57.2,43,-
2025-12-31,7860,得生製藥,75.6,76.0,72.4,75.8,7,-
2025-12-31,6971,惠民實業,30.15,30.4,30.05,30.4,58,-
2025-12-31,7738,東聯互動,185.0,188.0,185.0,187.5,53,-
2025-12-31,7782,光速火箭,29.25,29.5,29.2,29.5,14,-
2025-12-31,6910,德鴻,34.55,34.8,34.25,34.5,173,-
2025-12-31,6725,矽科宏晟,313.0,313.0,288.0,291.0,1536,-
2025-12-31,6403,群登,5.26,5.47,5.0,5.3,265,-
2025-12-31,7792,安葆,213.84,219.5,213.0,217.5,81,-
2025-12-31,7811,民盛,129.0,129.0,128.0,129.0,0,-
2025-12-31,2072,世紀風電,244.69,273.0,245.0,269.0,363,-
2025-12-31,3616,泓辰,25.84,26.25,25.75,25.9,233,-
2025-12-31,4132,國鼎,21.41,24.45,21.45,24.05,1177,-
2025-12-31,6652,雅祥生醫,5.78,6.1,5.88,5.91,22,-
2025-12-31,4773,高福,44.7,44.7,44.7,44.7,0,-
2025-12-31,7794,宏碁智新,44.13,46.0,46.0,46.0,0,-
2025-12-31,7821,神數,57.58,58.0,53.1,57.2,114,-
2025-12-31,7820,立盈,156.1,156.0,150.0,152.0,31,-
2025-12-31,3485,敘豐,114.85,116.5,112.5,115.5,119,-
2025-12-31,7842,天能綠電,157.6,153.5,153.5,153.5,1,-
2025-12-31,7818,溢泰實業,112.5,112.5,112.0,112.5,3,-
2025-12-31,3454,晶睿,98.8,98.8,98.7,98.8,231,-
2025-12-31,4987,科誠,72.6,72.9,72.2,72.8,35,-
2025-12-31,6983,華洋精機,145.59,186.0,150.0,180.0,268,-
2025-12-31,2601,益航,5.42,5.47,5.4,5.43,1038,-
2025-12-31,1589,永冠-KY,17.05,17.3,16.85,16.85,384,-
2025-12-31,1595,川寶,48.7,48.7,42.8,43.15,4097,-
2025-12-31,4924,欣厚-KY,11.25,11.75,11.25,11.35,37,-
2025-12-31,2230,泰茂,92.0,92.5,91.0,91.9,388,-
2025-12-31,6125,廣運,72.2,72.7,71.0,72.1,3169,-
2025-12-31,3067,全域,19.75,19.9,18.2,18.7,28,-
2025-12-31,6236,中湛,0.0,0.0,0.0,0.0,0,-
2025-12-31,6163,華電網,55.0,55.9,53.3,54.2,6164,-
2025-12-31,7718,友鋮,43.4,44.95,43.15,44.95,10,-
2025-12-31,3131,弘塑,1555.0,1575.0,1525.0,1560.0,700,-
2025-12-31,5381,光譜,24.6,24.75,24.3,24.3,757,-
2025-12-31,8932,智通*,167.5,169.0,165.0,167.5,519,-
2025-12-31,4905,台聯電,61.3,61.3,61.0,61.1,4,-
2025-12-31,1435,中福,0.0,0.0,0.0,0.0,0,-
2025-12-31,3426,台興,40.2,40.8,40.2,40.8,12,-
2025-12-31,6945,圓祥生技,168.39,183.5,169.5,180.0,590,-
2025-12-31,4979,華星光,313.0,331.5,310.5,325.5,35233,-
2025-12-31,5426,振發,19.55,19.8,19.5,19.7,373,-
2025-12-31,5388,中磊,79.7,80.4,79.1,79.6,1755,-
2025-12-31,6473,美賣*,6.76,7.18,6.85,6.98,32,-
2025-12-31,6461,益得,17.8,17.8,17.8,17.8,595,-
2025-12-31,6462,神盾,121.5,123.5,120.0,120.5,1186,-
2025-12-31,5269,祥碩,1185.0,1230.0,1180.0,1210.0,919,-
2025-12-31,6472,保瑞,490.0,492.0,486.0,488.0,570,-
2025-12-31,5425,台半,51.9,52.5,51.6,51.6,1002,-
2025-12-31,6467,泰合,110.89,113.0,108.5,111.5,243,-
2025-12-31,4977,眾達-KY,142.0,145.5,141.0,142.0,6317,-
2025-12-31,6470,宇智,41.6,41.85,41.6,41.65,57,-
2025-12-31,6418,詠昇,44.35,45.0,42.5,42.5,432,-
2025-12-31,5398,慕康生醫,25.95,26.0,25.5,26.0,134,-
2025-12-31,6417,韋僑,101.5,106.0,99.8,106.0,364,-
2025-12-31,6416,瑞祺電通,91.9,92.9,91.1,91.1,377,-
2025-12-31,6419,京晨科,91.8,91.8,86.0,86.0,358,-
2025-12-31,5392,能率,51.9,51.9,47.65,47.65,9816,-
2025-12-31,5386,青雲,88.6,93.5,86.5,91.5,8850,-
2025-12-31,6465,威潤,38.5,39.15,38.2,38.2,148,-
2025-12-31,5403,中菲,115.5,116.5,115.5,116.0,34,-
2025-12-31,5410,國眾,30.8,30.8,30.6,30.7,128,-
2025-12-31,6464,台數科,76.1,77.7,75.7,77.0,27,-
2025-12-31,5271,紘通,9.54,9.75,9.45,9.75,80,-
2025-12-31,5487,通泰,29.65,30.1,29.3,29.9,31,-
2025-12-31,6469,大樹,93.7,94.2,93.2,93.6,197,-
2025-12-31,5262,立達,38.86,40.15,38.35,39.0,595,-
2025-12-31,5267,龍翩,30.0,0.0,0.0,0.0,0,-
2025-12-31,6441,廣錠,23.35,23.35,22.75,22.75,21,-
2025-12-31,6426,統新,99.0,101.5,97.9,97.9,1613,-
2025-12-31,5263,智崴,100.5,103.5,99.2,103.5,570,-
2025-12-31,6435,大中,108.5,110.0,108.0,108.0,160,-
2025-12-31,6434,達輝光電,4.04,4.17,3.95,4.02,678,-
2025-12-31,5475,德宏,96.5,98.7,90.6,95.9,6407,-
2025-12-31,5474,聰泰,155.0,161.0,152.5,159.5,346,-
2025-12-31,5471,松翰,33.1,33.55,32.75,32.85,317,-
2025-12-31,6428,台灣淘米,11.65,0.0,0.0,0.0,0,-
2025-12-31,5455,昇益,29.2,29.25,29.2,29.25,3,-
2025-12-31,5457,宣德,40.8,41.3,40.75,40.8,193,-
2025-12-31,5460,同協,15.6,15.8,15.6,15.75,54,-
2025-12-31,5469,瀚宇博,93.1,93.5,92.1,92.3,3545,-
2025-12-31,5468,凱鈺,18.55,19.7,18.4,18.65,97,-
2025-12-31,6432,今展科,32.95,34.2,32.7,33.55,251,-
2025-12-31,5452,佶優,27.1,28.7,26.95,28.2,4848,-
2025-12-31,6442,光聖,1380.0,1440.0,1345.0,1360.0,4821,-
2025-12-31,5478,智冠,98.2,99.1,98.0,98.9,85,-
2025-12-31,6456,GIS-KY,42.5,43.7,42.5,42.75,670,-
2025-12-31,5434,崇越,289.5,292.5,286.5,291.0,657,-
2025-12-31,5438,東友,23.55,23.7,23.1,23.4,309,-
2025-12-31,5484,慧友,38.3,38.4,37.75,37.8,145,-
2025-12-31,6451,訊芯-KY,161.0,168.0,159.5,166.0,1556,-
2025-12-31,6449,鈺邦,164.0,164.5,160.0,163.0,321,-
2025-12-31,5439,高技,319.0,334.0,317.0,317.0,5448,-
2025-12-31,5465,富驊,29.1,29.5,28.9,29.1,110,-
2025-12-31,6446,藥華藥,472.5,474.0,467.0,470.0,1809,-
2025-12-31,5483,中美晶,106.0,109.0,105.5,106.5,11995,-
2025-12-31,4976,佳凌,30.1,30.4,29.75,30.05,437,-
2025-12-31,5258,虹堡,67.9,67.9,66.5,66.9,256,-
2025-12-31,6425,易發,87.6,89.5,85.0,85.1,1154,-
2025-12-31,6443,元晶,27.95,29.0,27.9,27.9,15279,-
2025-12-31,5464,霖宏,24.5,24.95,24.3,24.3,26,-
2025-12-31,6526,達發,434.5,448.0,433.0,442.5,317,-
2025-12-31,6474,華豫寧,35.15,35.5,35.15,35.15,12,-
2025-12-31,5312,寶島科,101.5,101.5,100.0,101.0,55,-
2025-12-31,5310,天剛,0.0,0.0,0.0,0.0,0,-
2025-12-31,6558,興能高,37.5,37.75,36.9,37.0,738,-
2025-12-31,5309,系統電,69.6,70.6,67.9,68.0,7818,-
2025-12-31,5283,禾聯碩,60.9,61.2,60.1,60.5,93,-
2025-12-31,6556,勝品,72.8,72.8,71.0,71.4,11,-
2025-12-31,6559,研晶,11.45,12.05,11.65,12.0,44,-
2025-12-31,6561,是方,392.0,392.5,375.0,375.0,347,-
2025-12-31,6563,映智,28.65,28.7,28.1,28.7,70,-
2025-12-31,5284,jpp-KY,280.0,283.5,278.0,281.0,551,-
2025-12-31,5302,太欣,9.06,9.14,9.06,9.13,168,-
2025-12-31,6564,安特羅,20.49,20.85,20.25,20.6,24,-
2025-12-31,6565,物聯,19.95,19.95,16.95,18.1,134,-
2025-12-31,6568,宏觀,134.0,134.0,128.0,130.0,999,-
2025-12-31,6560,欣普羅,41.8,42.15,41.3,41.3,58,-
2025-12-31,6555,榮炭,24.54,25.1,24.15,24.35,172,-
2025-12-31,6552,易華電,25.15,25.5,25.15,25.2,71,-
2025-12-31,4951,精拓科,64.6,66.2,64.6,64.9,74,-
2025-12-31,6539,麗彤,59.19,60.3,58.0,59.0,2,-
2025-12-31,6541,泰福-KY,56.5,57.0,55.0,55.0,620,-
2025-12-31,4949,有成精密,37.8,38.15,37.3,37.4,200,-
2025-12-31,6542,隆中,0.0,0.0,0.0,0.0,0,-
2025-12-31,6543,普惠醫工,28.4,28.55,28.1,28.5,7,-
2025-12-31,4946,辣椒,104.0,106.5,103.0,106.5,28,-
2025-12-31,6546,正基,63.5,63.5,61.7,62.4,230,-
2025-12-31,6547,高端疫苗,37.75,38.0,37.45,37.75,563,-
2025-12-31,6548,長科*,44.35,46.95,43.9,44.7,19858,-
2025-12-31,6549,景凱,7.63,7.75,7.52,7.71,63,-
2025-12-31,6550,北極星藥業-KY,30.65,31.65,30.6,31.1,1205,-
2025-12-31,6569,醫揚,110.0,110.0,109.0,109.5,60,-
2025-12-31,6570,維田,38.4,38.45,38.3,38.3,36,-
2025-12-31,6572,博錸,7.69,7.92,7.5,7.78,58,-
2025-12-31,6573,虹揚-KY,14.35,15.5,14.35,15.2,379,-
2025-12-31,6582,申豐,33.0,33.05,32.25,32.4,112,-
2025-12-31,6583,友松,15.8,0.0,0.0,0.0,0,-
2025-12-31,6584,南俊國際,351.5,351.5,344.0,347.0,871,-
2025-12-31,6585,鼎基,87.9,88.2,87.7,88.0,21,-
2025-12-31,6586,醣基,28.44,29.1,27.9,28.1,240,-
2025-12-31,6588,東典光電,48.5,49.6,47.0,47.0,682,-
2025-12-31,6589,台康生技,61.7,62.4,61.4,61.7,322,-
2025-12-31,6590,普鴻,75.8,75.8,75.8,75.8,6,-
2025-12-31,6591,動力-KY,76.4,76.6,75.4,75.4,349,-
2025-12-31,4938,和碩,68.7,68.8,68.1,68.6,10241,-
2025-12-31,5289,宜鼎,535.0,576.0,535.0,576.0,8079,-
2025-12-31,6592,和潤企業,60.4,60.4,59.6,59.9,717,-
2025-12-31,4935,茂林-KY,41.5,41.8,40.8,40.9,58,-
2025-12-31,4952,凌通,35.6,35.7,35.2,35.3,41,-
2025-12-31,4939,亞電,37.95,38.25,36.8,36.8,4606,-
2025-12-31,6580,台睿,21.47,22.2,21.05,21.9,49,-
2025-12-31,5285,界霖,50.2,51.6,50.0,50.3,298,-
2025-12-31,6574,霈方,67.1,67.2,67.1,67.2,5,-
2025-12-31,6576,逸達,80.9,80.9,79.8,80.6,96,-
2025-12-31,4943,康控-KY,12.3,13.15,12.3,12.9,16,-
2025-12-31,5299,杰力,70.6,71.8,70.6,70.8,33,-
2025-12-31,6577,勁豐,69.0,69.0,68.6,69.0,13,-
2025-12-31,6578,達邦蛋白,19.0,19.2,18.85,19.1,106,-
2025-12-31,5297,廣化,26.58,30.0,26.9,29.05,527,-
2025-12-31,5292,華懋,166.0,173.5,166.0,170.5,325,-
2025-12-31,6579,研揚,107.0,107.5,106.0,106.5,64,-
2025-12-31,4942,嘉彰,39.2,39.2,39.0,39.1,79,-
2025-12-31,5291,邑昇,26.7,27.0,26.7,27.0,36,-
2025-12-31,6538,倉和,69.4,69.4,66.7,67.1,82,-
2025-12-31,4953,緯軟,120.5,123.0,120.5,123.0,220,-
2025-12-31,6498,久禾光,90.7,92.1,90.2,90.2,31,-
2025-12-31,6499,益安,95.1,96.3,94.3,94.5,304,-
2025-12-31,6504,南六,41.05,41.95,40.8,41.45,71,-
2025-12-31,6505,台塑化,49.0,49.2,47.5,47.8,6031,-
2025-12-31,6508,惠光,23.5,23.95,23.5,23.7,64,-
2025-12-31,6509,聚和,32.95,32.95,32.4,32.45,278,-
2025-12-31,6510,精測,2345.0,2345.0,2265.0,2285.0,513,-
2025-12-31,6512,啟發電,20.7,20.7,20.7,20.7,4,-
2025-12-31,5347,世界,95.0,95.0,91.8,92.1,9752,-
2025-12-31,5276,達輝-KY,14.75,15.0,14.75,15.0,8,-
2025-12-31,6515,穎崴,2880.0,2925.0,2810.0,2840.0,749,-
2025-12-31,6516,勤崴國際,63.3,63.6,62.5,62.5,50,-
2025-12-31,6517,保勝光學,65.5,68.8,65.5,67.1,529,-
2025-12-31,5274,信驊,7550.0,7550.0,7230.0,7260.0,275,-
